8/16/2024 16:55,Einar Embus,juveinar@gmail.com,prueba1,saludos
8/16/2024 16:58,Einar Embus,juveinar@gmail.com,prueba2,saludos
8/16/2024 16:59,jorge,jorge@outlook.com,saludos,saludos
2024-08-16 17:17:57,juan,juanl@gmail.com,prueba3,prueba mensaje enviado en la misma hoja
2024-08-16 17:20:28,juan,juanl@gmail.com,prueba3,SDasS
2024-08-16 17:22:27,Einar Embus,juveinar@gmail.com,prueba4,MENSAJE CONFIRMACION
2024-08-16 17:24:49,Einar Embus,juveinar@gmail.com,prueba4,SFASFAFASF
2024-08-16 17:25:24,Einar Embus,juanl@gmail.com,prueba3,ASDADASDSDADAS
2024-08-16 17:27:26,juan,juanl@gmail.com,prueba4,sdfsdfsf
2024-08-16 17:29:37,asda,jorge@outlook.com,prueba5,fsfsfd
2024-08-16 17:30:50,prueba,prueba@gmail.com,prueba6,asdasdas
2024-08-16 17:38:18,Einar Embus,juveinar@gmail.com,prueba7,esto es una prueba
2024-08-16 17:44:46,julio,julio@yahoo.com,prueba8,stilo al mensaje confirmacion
2024-08-16 17:56:23,julio,julio@yahoo.com,prueba8,stilo al mensaje confirmacion
2024-08-16 17:56:59,jorge,jorge@outlook.com,prueba8,prueba stilo mens confirm
2024-08-16 18:02:33,julio,julio@yahoo.com,prueba9,esto es una prueba mas
2024-08-16 18:06:32,juan,juanl@gmail.com,prueba10,prueba stilo mensaje enviado
2024-08-16 18:07:31,julio,julio@yahoo.com,prueba 11,asasasasasasasas
